Location,Location name,Location type
Total New Zealand,New Zealand,National
01 Northland Region,Northland Region,Region
02 Auckland Region,Auckland Region,Region
03 Waikato Region,Waikato Region,Region
04 Bay of Plenty Region,Bay of Plenty Region,Region
05 Gisborne Region,Gisborne Region,Region
06 Hawke's Bay Region,Hawke's Bay Region,Region
07 Taranaki Region,Taranaki Region,Region
08 Manawatu-Wanganui Region,Manawatu-Wanganui Region,Region
09 Wellington Region,Wellington Region,Region
16 Tasman Region,Tasman Region,Region
17 Nelson Region,Nelson Region,Region
18 Marlborough Region,Marlborough Region,Region
12 West Coast Region,West Coast Region,Region
13 Canterbury Region,Canterbury Region,Region
14 Otago Region,Otago Region,Region
15 Southland Region,Southland Region,Region
001 Far North District,Far North District,Territorial Authority
002 Whangarei District,Whangarei District,Territorial Authority
003 Kaipara District,Kaipara District,Territorial Authority
076 Auckland,Auckland,Territorial Authority
011 Thames-Coromandel District,Thames-Coromandel District,Territorial Authority
012 Hauraki District,Hauraki District,Territorial Authority
013 Waikato District,Waikato District,Territorial Authority
015 Matamata-Piako District,Matamata-Piako District,Territorial Authority
016 Hamilton City,Hamilton City,Territorial Authority
017 Waipa District,Waipa District,Territorial Authority
018 Otorohanga District,Otorohanga District,Territorial Authority
019 South Waikato District,South Waikato District,Territorial Authority
020 Waitomo District,Waitomo District,Territorial Authority
021 Taupo District,Taupo District,Territorial Authority
022 Western Bay of Plenty District,Western Bay of Plenty District,Territorial Authority
023 Tauranga City,Tauranga City,Territorial Authority
024 Rotorua District,Rotorua District,Territorial Authority
025 Whakatane District,Whakatane District,Territorial Authority
026 Kawerau District,Kawerau District,Territorial Authority
027 Opotiki District,Opotiki District,Territorial Authority
028 Gisborne District,Gisborne District,Territorial Authority
029 Wairoa District,Wairoa District,Territorial Authority
030 Hastings District,Hastings District,Territorial Authority
031 Napier City,Napier City,Territorial Authority
032 Central Hawke's Bay District,Central Hawke's Bay District,Territorial Authority
033 New Plymouth District,New Plymouth District,Territorial Authority
034 Stratford District,Stratford District,Territorial Authority
035 South Taranaki District,South Taranaki District,Territorial Authority
036 Ruapehu District,Ruapehu District,Territorial Authority
037 Whanganui District,Whanganui District,Territorial Authority
038 Rangitikei District,Rangitikei District,Territorial Authority
039 Manawatu District,Manawatu District,Territorial Authority
040 Palmerston North City,Palmerston North City,Territorial Authority
041 Tararua District,Tararua District,Territorial Authority
042 Horowhenua District,Horowhenua District,Territorial Authority
043 Kapiti Coast District,Kapiti Coast District,Territorial Authority
044 Porirua City,Porirua City,Territorial Authority
045 Upper Hutt City,Upper Hutt City,Territorial Authority
046 Lower Hutt City,Lower Hutt City,Territorial Authority
047 Wellington City,Wellington City,Territorial Authority
048 Masterton District,Masterton District,Territorial Authority
049 Carterton District,Carterton District,Territorial Authority
050 South Wairarapa District,South Wairarapa District,Territorial Authority
051 Tasman District,Tasman District,Territorial Authority
052 Nelson City,Nelson City,Territorial Authority
053 Marlborough District,Marlborough District,Territorial Authority
054 Kaikoura District,Kaikoura District,Territorial Authority
055 Buller District,Buller District,Territorial Authority
056 Grey District,Grey District,Territorial Authority
057 Westland District,Westland District,Territorial Authority
058 Hurunui District,Hurunui District,Territorial Authority
059 Waimakariri District,Waimakariri District,Territorial Authority
060 Christchurch City,Christchurch City,Territorial Authority
062 Selwyn District,Selwyn District,Territorial Authority
063 Ashburton District,Ashburton District,Territorial Authority
064 Timaru District,Timaru District,Territorial Authority
065 Mackenzie District,Mackenzie District,Territorial Authority
066 Waimate District,Waimate District,Territorial Authority
067 Chatham Islands Territory,Chatham Islands Territory,Territorial Authority
068 Waitaki District,Waitaki District,Territorial Authority
069 Central Otago District,Central Otago District,Territorial Authority
070 Queenstown-Lakes District,Queenstown-Lakes District,Territorial Authority
071 Dunedin City,Dunedin City,Territorial Authority
072 Clutha District,Clutha District,Territorial Authority
073 Southland District,Southland District,Territorial Authority
074 Gore District,Gore District,Territorial Authority
075 Invercargill City,Invercargill City,Territorial Authority
07601 Rodney Local Board Area,Rodney Local Board Area,Local Board Area
07602 Hibiscus and Bays Local Board Area,Hibiscus and Bays Local Board Area,Local Board Area
07603 Upper Harbour Local Board Area,Upper Harbour Local Board Area,Local Board Area
07604 Kaipatiki Local Board Area,Kaipatiki Local Board Area,Local Board Area
07605 Devonport-Takapuna Local Board Area,Devonport-Takapuna Local Board Area,Local Board Area
07606 Henderson-Massey Local Board Area,Henderson-Massey Local Board Area,Local Board Area
07607 Waitakere Ranges Local Board Area,Waitakere Ranges Local Board Area,Local Board Area
07608 Great Barrier Local Board Area,Great Barrier Local Board Area,Local Board Area
07609 Waiheke Local Board Area,Waiheke Local Board Area,Local Board Area
07610 Waitemata Local Board Area,Waitemata Local Board Area,Local Board Area
07611 Whau Local Board Area,Whau Local Board Area,Local Board Area
07612 Albert-Eden Local Board Area,Albert-Eden Local Board Area,Local Board Area
07613 Puketapapa Local Board Area,Puketapapa Local Board Area,Local Board Area
07614 Orakei Local Board Area,Orakei Local Board Area,Local Board Area
07615 Maungakiekie-Tamaki Local Board Area,Maungakiekie-Tamaki Local Board Area,Local Board Area
07616 Howick Local Board Area,Howick Local Board Area,Local Board Area
07617 Mangere-Otahuhu Local Board Area,Mangere-Otahuhu Local Board Area,Local Board Area
07618 Otara-Papatoetoe Local Board Area,Otara-Papatoetoe Local Board Area,Local Board Area
07619 Manurewa Local Board Area,Manurewa Local Board Area,Local Board Area
07620 Papakura Local Board Area,Papakura Local Board Area,Local Board Area
07621 Franklin Local Board Area,Franklin Local Board Area,Local Board Area